casePath,time,nCells,totalVolume,hEff,TmaxRoom,TavgRoom,T95Room,roomHotspotThreshold,roomHotspotVolume,roomHotspotVolumeFraction,TmaxRackInlet,TavgRackInlet,T95RackInlet,rackInletRiskThreshold,rackInletHotspotVolume,rackInletHotspotFraction,nRackInletCells,returnOutletTareaAvg,returnOutletTmassFlowAvg,returnOutletOutflowFlux,pressureField,supplyPressureAvg,returnPressureAvg,deltaP_supply_minus_return,caseID,caseName,folder,Usupply,Tsupply,totalRackPowerW,expectedSupplyFlow,description,caseDir,TavgRackInletRise,T95RackInletRise,TmaxRackInletRise,TavgRoomRise,T95RoomRise,TmaxRoomRise,returnTempRise,flowBalanceErrorPercent,pressurePowerProxy,airChangesPerHour,estimatedHeatRemovedW,heatBalanceErrorPercent
/home/pankaj/Documents/HVAC/ThermoFOAM-DC-v01-publication/cases/parameterstudy/C00,4000,105000,105,0.1,319.3432,306.915765089,313.5905,315,2.377,0.0226380952381,317.3276,302.399471544,313.7578,305,0.973,0.460700757576,2112,312.700074667,312.461215617,1.0185837502,p_rgh,0.586404654861,0,0.586404654861,C00,baseline,C00_baseline,0.75,291,18000,1.08,Reference case: six racks at 3 kW each,/home/pankaj/Documents/HVAC/ThermoFOAM-DC-v01-publication/cases/parameterstudy/C00_baseline,11.3995,22.7578,26.3276,15.9158,22.5905,28.3432,21.4612,5.686690,0.597302,34.9229,26363.215,46.4623
/home/pankaj/Documents/HVAC/ThermoFOAM-DC-v01-publication/cases/parameterstudy/C00,5000,105000,105,0.1,319.3866,306.975634721,313.873,315,2.779,0.0264666666666,315.8079,302.956469886,313.9425,305,1.031,0.488162878788,2112,310.150484,309.773417952,1.0230624685,p_rgh,0.50628695625,0,0.50628695625,C00,baseline,C00_baseline,0.75,291,18000,1.08,Reference case: six racks at 3 kW each,/home/pankaj/Documents/HVAC/ThermoFOAM-DC-v01-publication/cases/parameterstudy/C00_baseline,11.9565,22.9425,24.8079,15.9756,22.8730,28.3866,18.7734,5.271994,0.517963,35.0764,23162.893,28.6827
/home/pankaj/Documents/HVAC/ThermoFOAM-DC-v01-publication/cases/parameterstudy/C00,6000,105000,105,0.1,317.5246,307.531919131,314.0248,315,1.69,0.0160952380952,316.3676,302.963250852,313.4094,305,1.11,0.525568181818,2112,309.172097333,308.504307572,1.0185871682,p_rgh,0.535446134722,0,0.535446134722,C00,baseline,C00_baseline,0.75,291,18000,1.08,Reference case: six racks at 3 kW each,/home/pankaj/Documents/HVAC/ThermoFOAM-DC-v01-publication/cases/parameterstudy/C00_baseline,11.9633,22.4094,25.3676,16.5319,23.0248,26.5246,17.5043,5.686373,0.545399,34.9230,21502.574,19.4587
/home/pankaj/Documents/HVAC/ThermoFOAM-DC-v01-publication/cases/parameterstudy/C00,7000,105000,105,0.1,315.6451,307.000870402,312.7466,315,0.122,0.0011619047619,314.4526,300.662464725,312.4983,305,0.736,0.348484848485,2112,311.907570667,311.806138583,1.0179445109,p_rgh,0.655780157639,0,0.655780157639,C00,baseline,C00_baseline,0.75,291,18000,1.08,Reference case: six racks at 3 kW each,/home/pankaj/Documents/HVAC/ThermoFOAM-DC-v01-publication/cases/parameterstudy/C00_baseline,9.662465,21.4983,23.4526,16.0009,21.7466,24.6451,20.8061,5.745879,0.667548,34.9010,25542.470,41.9026
/home/pankaj/Documents/HVAC/ThermoFOAM-DC-v01-publication/cases/parameterstudy/C00,8000,105000,105,0.1,318.4192,307.191293715,313.3296,315,1.495,0.0142380952381,316.4301,304.490670502,314.1041,305,1.23,0.582386363636,2112,309.287279667,307.606051745,1.0253627817,p_rgh,0.546873263194,0,0.546873263194,C00,baseline,C00_baseline,0.75,291,18000,1.08,Reference case: six racks at 3 kW each,/home/pankaj/Documents/HVAC/ThermoFOAM-DC-v01-publication/cases/parameterstudy/C00_baseline,13.4907,23.1041,25.4301,16.1913,22.3296,27.4192,16.6061,5.059002,0.560743,35.1553,20534.836,14.0824
/home/pankaj/Documents/HVAC/ThermoFOAM-DC-v01-publication/cases/parameterstudy/C01,4000,105000,105,0.1,324.7892,315.383477957,322.1746,315,67.771,0.645438095237,320.3554,310.571888305,318.6931,305,1.668,0.789772727273,2112,316.531265667,315.469235358,0.67797320103,p_rgh,0.548284148611,0,0.548284148611,C01,lowSupplyVelocity,C01_lowSupplyVelocity,0.50,291,18000,0.72,Lower supply velocity with baseline heat load,/home/pankaj/Documents/HVAC/ThermoFOAM-DC-v01-publication/cases/parameterstudy/C01_lowSupplyVelocity,19.5719,27.6931,29.3554,24.3835,31.1746,33.7892,24.4692,5.837055,0.371722,23.2448,20006.920,11.1496
/home/pankaj/Documents/HVAC/ThermoFOAM-DC-v01-publication/cases/parameterstudy/C01,5000,105000,105,0.1,326.0542,315.243532022,321.4164,315,67.084,0.638895238094,324.6499,313.158940294,321.995,305,1.78,0.842803030303,2112,319.676547667,319.394722761,0.7038192245,p_rgh,0.572351236111,0,0.572351236111,C01,lowSupplyVelocity,C01_lowSupplyVelocity,0.50,291,18000,0.72,Lower supply velocity with baseline heat load,/home/pankaj/Documents/HVAC/ThermoFOAM-DC-v01-publication/cases/parameterstudy/C01_lowSupplyVelocity,22.1589,30.9950,33.6499,24.2435,30.4164,35.0542,28.3947,2.247330,0.402832,24.1309,24101.611,33.8978
/home/pankaj/Documents/HVAC/ThermoFOAM-DC-v01-publication/cases/parameterstudy/C01,6000,105000,105,0.1,326.5096,314.624479676,322.132,315,57.59,0.548476190475,320.6874,309.098006013,319.0283,305,1.52,0.719696969697,2112,318.184357,318.203308705,0.6906320194,p_rgh,0.788224904167,0,0.788224904167,C01,lowSupplyVelocity,C01_lowSupplyVelocity,0.50,291,18000,0.72,Lower supply velocity with baseline heat load,/home/pankaj/Documents/HVAC/ThermoFOAM-DC-v01-publication/cases/parameterstudy/C01_lowSupplyVelocity,18.0980,28.0283,29.6874,23.6245,31.1320,35.5096,27.2033,4.078886,0.544373,23.6788,22657.696,25.8761
/home/pankaj/Documents/HVAC/ThermoFOAM-DC-v01-publication/cases/parameterstudy/C01,7000,105000,105,0.1,327.8795,316.020221854,322.7981,315,72.257,0.688161904761,325.5859,312.34860071,324.1247,305,1.651,0.781723484848,2112,317.506076,316.312489002,0.68408994783,p_rgh,0.468947961806,0,0.468947961806,C01,lowSupplyVelocity,C01_lowSupplyVelocity,0.50,291,18000,0.72,Lower supply velocity with baseline heat load,/home/pankaj/Documents/HVAC/ThermoFOAM-DC-v01-publication/cases/parameterstudy/C01_lowSupplyVelocity,21.3486,33.1247,34.5859,25.0202,31.7981,36.8795,25.3125,4.987507,0.320803,23.4545,20883.119,16.0173
/home/pankaj/Documents/HVAC/ThermoFOAM-DC-v01-publication/cases/parameterstudy/C01,8000,105000,105,0.1,326.78,315.081000173,321.2457,315,67.414,0.642038095237,323.113,311.549830208,321.6323,305,1.612,0.763257575758,2112,316.52029,315.397996536,0.67560857035,p_rgh,0.689772707639,0,0.689772707639,C01,lowSupplyVelocity,C01_lowSupplyVelocity,0.50,291,18000,0.72,Lower supply velocity with baseline heat load,/home/pankaj/Documents/HVAC/ThermoFOAM-DC-v01-publication/cases/parameterstudy/C01_lowSupplyVelocity,20.5498,30.6323,32.1130,24.0810,30.2457,35.7800,24.3980,6.165476,0.466016,23.1637,19879.096,10.4394
/home/pankaj/Documents/HVAC/ThermoFOAM-DC-v01-publication/cases/parameterstudy/C02,4000,105000,105,0.1,315.4624,303.84827722,309.0881,315,0.022,0.000209523809524,313.0918,298.379977273,308.0129,305,0.474,0.224431818182,2112,307.909788667,307.725392146,1.35670698,p_rgh,0.542582085417,0,0.542582085417,C02,highSupplyVelocity,C02_highSupplyVelocity,1.00,291,18000,1.44,Higher supply velocity with baseline heat load,/home/pankaj/Documents/HVAC/ThermoFOAM-DC-v01-publication/cases/parameterstudy/C02_highSupplyVelocity,7.379977,17.0129,22.0918,12.8483,18.0881,24.4624,16.7254,5.784237,0.736125,46.5157,27365.896,52.0328
/home/pankaj/Documents/HVAC/ThermoFOAM-DC-v01-publication/cases/parameterstudy/C02,5000,105000,105,0.1,314.8995,304.098941753,310.5108,315,0,0,311.4369,296.102138021,304.0027,305,0.069,0.0326704545455,2112,303.837659667,303.645442092,1.369925398,p_rgh,0.377204848611,0,0.377204848611,C02,highSupplyVelocity,C02_highSupplyVelocity,1.00,291,18000,1.44,Higher supply velocity with baseline heat load,/home/pankaj/Documents/HVAC/ThermoFOAM-DC-v01-publication/cases/parameterstudy/C02_highSupplyVelocity,5.102138,13.0027,20.4369,13.0989,19.5108,23.8995,12.6454,4.866292,0.516743,46.9689,20891.915,16.0662
/home/pankaj/Documents/HVAC/ThermoFOAM-DC-v01-publication/cases/parameterstudy/C02,6000,105000,105,0.1,314.356,303.038560094,308.5823,315,0,0,310.4928,298.697475805,308.2221,305,0.492,0.232954545455,2112,306.227693667,306.164195068,1.366982513,p_rgh,0.512476501389,0,0.512476501389,C02,highSupplyVelocity,C02_highSupplyVelocity,1.00,291,18000,1.44,Higher supply velocity with baseline heat load,/home/pankaj/Documents/HVAC/ThermoFOAM-DC-v01-publication/cases/parameterstudy/C02_highSupplyVelocity,7.697476,17.2221,19.4928,12.0386,17.5823,23.3560,15.1642,5.070659,0.700546,46.8680,24999.403,38.8856
/home/pankaj/Documents/HVAC/ThermoFOAM-DC-v01-publication/cases/parameterstudy/C02,7000,105000,105,0.1,317.8632,304.212173448,310.2138,315,0.245,0.00233333333333,311.9219,296.130971449,304.4994,305,0.082,0.0388257575758,2112,304.914176333,304.596109855,1.349900891,p_rgh,0.4169963,0,0.4169963,C02,highSupplyVelocity,C02_highSupplyVelocity,1.00,291,18000,1.44,Higher supply velocity with baseline heat load,/home/pankaj/Documents/HVAC/ThermoFOAM-DC-v01-publication/cases/parameterstudy/C02_highSupplyVelocity,5.130971,13.4994,20.9219,13.2122,19.2138,26.8632,13.5961,6.256883,0.562904,46.2823,22134.201,22.9678
/home/pankaj/Documents/HVAC/ThermoFOAM-DC-v01-publication/cases/parameterstudy/C02,8000,105000,105,0.1,311.769,302.532664425,308.6836,315,0,0,310.2676,297.405712405,307.7247,305,0.309,0.146306818182,2112,307.732454,307.64291064,1.368109669,p_rgh,0.569797902083,0,0.569797902083,C02,highSupplyVelocity,C02_highSupplyVelocity,1.00,291,18000,1.44,Higher supply velocity with baseline heat load,/home/pankaj/Documents/HVAC/ThermoFOAM-DC-v01-publication/cases/parameterstudy/C02_highSupplyVelocity,6.405712,16.7247,19.2676,11.5327,17.6836,20.7690,16.6429,4.992384,0.779546,46.9066,27459.808,52.5545
/home/pankaj/Documents/HVAC/ThermoFOAM-DC-v01-publication/cases/parameterstudy/C03,4000,105000,105,0.1,323.8857,312.155279964,319.2532,315,42.643,0.406123809523,319.3102,308.27425232,317.7678,305,1.349,0.638731060606,2112,315.290527667,314.698233253,1.0001636516,p_rgh,0.48143279375,0,0.48143279375,C03,warmerSupplyAir,C03_warmerSupplyAir,0.75,295,18000,1.08,Warmer supply air temperature with baseline heat load,/home/pankaj/Documents/HVAC/ThermoFOAM-DC-v01-publication/cases/parameterstudy/C03_warmerSupplyAir,13.2743,22.7678,24.3102,17.1553,24.2532,28.8857,19.6982,7.392254,0.481512,34.2913,23759.957,31.9998
/home/pankaj/Documents/HVAC/ThermoFOAM-DC-v01-publication/cases/parameterstudy/C03,5000,105000,105,0.1,322.3711,311.681927707,318.5871,315,32.291,0.307533333333,319.9351,307.705327131,318.5403,305,1.219,0.577178030303,2112,313.869574,312.035965829,1.01158371134,p_rgh,0.498284436806,0,0.498284436806,C03,warmerSupplyAir,C03_warmerSupplyAir,0.75,295,18000,1.08,Warmer supply air temperature with baseline heat load,/home/pankaj/Documents/HVAC/ThermoFOAM-DC-v01-publication/cases/parameterstudy/C03_warmerSupplyAir,12.7053,23.5403,24.9351,16.6819,23.5871,27.3711,17.0360,6.334842,0.504056,34.6829,20783.366,15.4631
/home/pankaj/Documents/HVAC/ThermoFOAM-DC-v01-publication/cases/parameterstudy/C03,6000,105000,105,0.1,325.1604,311.842452652,319.3741,315,32.234,0.30699047619,322.0093,307.40432893,319.181,305,1.206,0.571022727273,2112,314.525087,314.044749887,1.0223096652,p_rgh,0.512558656944,0,0.512558656944,C03,warmerSupplyAir,C03_warmerSupplyAir,0.75,295,18000,1.08,Warmer supply air temperature with baseline heat load,/home/pankaj/Documents/HVAC/ThermoFOAM-DC-v01-publication/cases/parameterstudy/C03_warmerSupplyAir,12.4043,24.1810,27.0093,16.8425,24.3741,30.1604,19.0447,5.341698,0.523994,35.0506,23480.376,30.4465
/home/pankaj/Documents/HVAC/ThermoFOAM-DC-v01-publication/cases/parameterstudy/C03,7000,105000,105,0.1,324.2949,311.494553359,318.6114,315,35.554,0.338609523809,319.9555,307.048424337,317.7845,305,1.229,0.581912878788,2112,316.373452333,315.532342647,1.0008901075,p_rgh,0.586588844444,0,0.586588844444,C03,warmerSupplyAir,C03_warmerSupplyAir,0.75,295,18000,1.08,Warmer supply air temperature with baseline heat load,/home/pankaj/Documents/HVAC/ThermoFOAM-DC-v01-publication/cases/parameterstudy/C03_warmerSupplyAir,12.0484,22.7845,24.9555,16.4946,23.6114,29.2949,20.5323,7.324990,0.587111,34.3162,24784.046,37.6891
/home/pankaj/Documents/HVAC/ThermoFOAM-DC-v01-publication/cases/parameterstudy/C03,8000,105000,105,0.1,323.3501,311.578176929,317.9484,315,30.524,0.290704761905,317.9343,305.722867566,316.3173,305,1.115,0.527935606061,2112,315.952444,314.89564246,1.007592624,p_rgh,0.621656052778,0,0.621656052778,C03,warmerSupplyAir,C03_warmerSupplyAir,0.75,295,18000,1.08,Warmer supply air temperature with baseline heat load,/home/pankaj/Documents/HVAC/ThermoFOAM-DC-v01-publication/cases/parameterstudy/C03_warmerSupplyAir,10.7229,21.3173,22.9343,16.5782,22.9484,28.3501,19.8956,6.704387,0.626376,34.5460,24176.323,34.3129
/home/pankaj/Documents/HVAC/ThermoFOAM-DC-v01-publication/cases/parameterstudy/C04,4000,105000,105,0.1,333.8298,317.896915733,327.4716,315,73.52,0.700190476189,329.8682,310.817225852,327.0793,305,1.347,0.637784090909,2112,326.191320667,325.949061904,1.0300006764,p_rgh,0.947250567361,0,0.947250567361,C04,highRackLoad,C04_highRackLoad,0.75,291,30000,1.08,All racks increased to 5 kW each,/home/pankaj/Documents/HVAC/ThermoFOAM-DC-v01-publication/cases/parameterstudy/C04_highRackLoad,19.8172,36.0793,38.8682,26.8969,36.4716,42.8298,34.9491,4.629567,0.975669,35.3143,43413.054,44.7102
/home/pankaj/Documents/HVAC/ThermoFOAM-DC-v01-publication/cases/parameterstudy/C04,5000,105000,105,0.1,332.6686,317.542209997,328.1908,315,70.084,0.667466666666,329.5879,310.90701804,325.1403,305,1.391,0.658617424242,2112,326.088269333,325.417292039,1.03696240784,p_rgh,0.892158939583,0,0.892158939583,C04,highRackLoad,C04_highRackLoad,0.75,291,30000,1.08,All racks increased to 5 kW each,/home/pankaj/Documents/HVAC/ThermoFOAM-DC-v01-publication/cases/parameterstudy/C04_highRackLoad,19.9070,34.1403,38.5879,26.5422,37.1908,41.6686,34.4173,3.984962,0.925135,35.5530,43041.462,43.4715
/home/pankaj/Documents/HVAC/ThermoFOAM-DC-v01-publication/cases/parameterstudy/C04,6000,105000,105,0.1,336.0611,319.232619644,329.3308,315,76.753,0.73098095238,334.0181,315.558230303,330.1436,305,1.552,0.734848484848,2112,325.137773,323.879847179,1.04598930065,p_rgh,0.734168488194,0,0.734168488194,C04,highRackLoad,C04_highRackLoad,0.75,291,30000,1.08,All racks increased to 5 kW each,/home/pankaj/Documents/HVAC/ThermoFOAM-DC-v01-publication/cases/parameterstudy/C04_highRackLoad,24.5582,39.1436,43.0181,28.2326,38.3308,45.0611,32.8798,3.149139,0.767932,35.8625,41476.714,38.2557
/home/pankaj/Documents/HVAC/ThermoFOAM-DC-v01-publication/cases/parameterstudy/C04,7000,105000,105,0.1,334.1477,318.005589784,329.0537,315,70.738,0.673695238094,332.5809,314.76951553,330.5527,305,1.507,0.713541666667,2112,323.023877,321.761932184,1.0433609004,p_rgh,0.773940160417,0,0.773940160417,C04,highRackLoad,C04_highRackLoad,0.75,291,30000,1.08,All racks increased to 5 kW each,/home/pankaj/Documents/HVAC/ThermoFOAM-DC-v01-publication/cases/parameterstudy/C04_highRackLoad,23.7695,39.5527,41.5809,27.0056,38.0537,43.1477,30.7619,3.392509,0.807499,35.7724,38707.531,29.0251
/home/pankaj/Documents/HVAC/ThermoFOAM-DC-v01-publication/cases/parameterstudy/C04,8000,105000,105,0.1,338.5703,319.113060113,330.2489,315,73.079,0.695990476189,335.2823,315.357012595,331.9208,305,1.479,0.700284090909,2112,322.308082,320.604218897,1.04447164806,p_rgh,0.790452983333,0,0.790452983333,C04,highRackLoad,C04_highRackLoad,0.75,291,30000,1.08,All racks increased to 5 kW each,/home/pankaj/Documents/HVAC/ThermoFOAM-DC-v01-publication/cases/parameterstudy/C04_highRackLoad,24.3570,40.9208,44.2823,28.1131,39.2489,47.5703,29.6042,3.289662,0.825606,35.8105,37290.445,24.3015
/home/pankaj/Documents/HVAC/ThermoFOAM-DC-v01-publication/cases/parameterstudy/C05,4000,105000,105,0.1,326.9485,312.082330595,318.8228,315,37.716,0.3592,320.1085,307.716903835,318.9965,305,1.375,0.651041666667,2112,316.237179,315.875865531,1.0455750357,p_rgh,0.679904217361,0,0.679904217361,C05,overloadedRack_L2,C05_overloadedRack_L2,0.75,291,23000,1.08,Rack L2 overloaded to 8 kW; others 3 kW,/home/pankaj/Documents/HVAC/ThermoFOAM-DC-v01-publication/cases/parameterstudy/C05_overloadedRack_L2,16.7169,27.9965,29.1085,21.0823,27.8228,35.9485,24.8759,3.187497,0.710891,35.8483,31367.558,36.3807
/home/pankaj/Documents/HVAC/ThermoFOAM-DC-v01-publication/cases/parameterstudy/C05,5000,105000,105,0.1,329.0869,312.407052402,320.2917,315,46.23,0.440285714285,321.0389,306.879464678,318.2681,305,1.307,0.61884469697,2112,315.257116667,314.933630789,1.0502538457,p_rgh,0.696438585417,0,0.696438585417,C05,overloadedRack_L2,C05_overloadedRack_L2,0.75,291,23000,1.08,Rack L2 overloaded to 8 kW; others 3 kW,/home/pankaj/Documents/HVAC/ThermoFOAM-DC-v01-publication/cases/parameterstudy/C05_overloadedRack_L2,15.8795,27.2681,30.0389,21.4071,29.2917,38.0869,23.9336,2.754274,0.731437,36.0087,30314.484,31.8021
/home/pankaj/Documents/HVAC/ThermoFOAM-DC-v01-publication/cases/parameterstudy/C05,6000,105000,105,0.1,323.3225,312.463722433,320.4194,315,47.452,0.451923809523,320.0469,305.132629167,317.9014,305,1.121,0.530776515152,2112,317.902256,316.219499417,1.017131053,p_rgh,0.745946342361,0,0.745946342361,C05,overloadedRack_L2,C05_overloadedRack_L2,0.75,291,23000,1.08,Rack L2 overloaded to 8 kW; others 3 kW,/home/pankaj/Documents/HVAC/ThermoFOAM-DC-v01-publication/cases/parameterstudy/C05_overloadedRack_L2,14.1326,26.9014,29.0469,21.4637,29.4194,32.3225,25.2195,5.821199,0.758725,34.8731,30935.752,34.5033
/home/pankaj/Documents/HVAC/ThermoFOAM-DC-v01-publication/cases/parameterstudy/C05,7000,105000,105,0.1,327.4112,311.913310468,319.0433,315,35.101,0.334295238095,324.546,308.620154119,321.3459,305,1.428,0.676136363636,2112,314.094789333,314.481808846,1.0478105325,p_rgh,0.808505275,0,0.808505275,C05,overloadedRack_L2,C05_overloadedRack_L2,0.75,291,23000,1.08,Rack L2 overloaded to 8 kW; others 3 kW,/home/pankaj/Documents/HVAC/ThermoFOAM-DC-v01-publication/cases/parameterstudy/C05_overloadedRack_L2,17.6202,30.3459,33.5460,20.9133,28.0433,36.4112,23.4818,2.980506,0.847160,35.9249,29673.011,29.0131
/home/pankaj/Documents/HVAC/ThermoFOAM-DC-v01-publication/cases/parameterstudy/C05,8000,105000,105,0.1,328.8373,312.50679586,320.8916,315,46.682,0.44459047619,323.8857,309.845315814,322.2916,305,1.475,0.698390151515,2112,316.938143667,316.385395173,1.0360401671,p_rgh,0.678414691667,0,0.678414691667,C05,overloadedRack_L2,C05_overloadedRack_L2,0.75,291,23000,1.08,Rack L2 overloaded to 8 kW; others 3 kW,/home/pankaj/Documents/HVAC/ThermoFOAM-DC-v01-publication/cases/parameterstudy/C05_overloadedRack_L2,18.8453,31.2916,32.8857,21.5068,29.8916,37.8373,25.3854,4.070355,0.702865,35.5214,31718.149,37.9050
/home/pankaj/Documents/HVAC/ThermoFOAM-DC-v01-publication/cases/parameterstudy/C06,4000,105000,105,0.1,348.9449,332.333012172,343.7489,315,99.6170000001,0.948733333333,346.7835,329.243491004,342.7555,305,1.814,0.858901515152,2112,336.079600333,334.887454272,0.73000067123,p_rgh,0.755767747222,0,0.755767747222,C06,worstCase_lowFlow_highLoad,C06_worstCase_lowFlow_highLoad,0.50,291,30000,0.72,Low flow with all racks at 5 kW,/home/pankaj/Documents/HVAC/ThermoFOAM-DC-v01-publication/cases/parameterstudy/C06_worstCase_lowFlow_highLoad,38.2435,51.7555,55.7835,41.3330,52.7489,57.9449,43.8875,1.388982,0.551711,25.0286,38637.673,28.7922
/home/pankaj/Documents/HVAC/ThermoFOAM-DC-v01-publication/cases/parameterstudy/C06,5000,105000,105,0.1,349.4088,332.291285443,341.6774,315,98.5730000001,0.93879047619,346.0494,327.684337547,343.345,305,1.825,0.864109848485,2112,338.546251,338.119218752,0.72183260058,p_rgh,0.988551053472,0,0.988551053472,C06,worstCase_lowFlow_highLoad,C06_worstCase_lowFlow_highLoad,0.50,291,30000,0.72,Low flow with all racks at 5 kW,/home/pankaj/Documents/HVAC/ThermoFOAM-DC-v01-publication/cases/parameterstudy/C06_worstCase_lowFlow_highLoad,36.6843,52.3450,55.0494,41.2913,50.6774,58.4088,47.1192,0.254528,0.713568,24.7485,41018.699,36.7290
/home/pankaj/Documents/HVAC/ThermoFOAM-DC-v01-publication/cases/parameterstudy/C06,6000,105000,105,0.1,345.3036,331.506204782,341.3924,315,97.0230000001,0.924028571428,343.9139,327.670456676,339.6992,305,1.845,0.873579545455,2112,337.768460333,337.776323832,0.70876593025,p_rgh,0.821336975694,0,0.821336975694,C06,worstCase_lowFlow_highLoad,C06_worstCase_lowFlow_highLoad,0.50,291,30000,0.72,Low flow with all racks at 5 kW,/home/pankaj/Documents/HVAC/ThermoFOAM-DC-v01-publication/cases/parameterstudy/C06_worstCase_lowFlow_highLoad,36.6705,48.6992,52.9139,40.5062,50.3924,54.3036,46.7763,1.560287,0.582136,24.3005,39983.078,33.2769
/home/pankaj/Documents/HVAC/ThermoFOAM-DC-v01-publication/cases/parameterstudy/C06,7000,105000,105,0.1,349.3262,331.883987756,341.561,315,98.7180000001,0.940171428571,346.2273,327.434061837,341.8683,305,1.789,0.847064393939,2112,340.286419,339.009287274,0.72606532024,p_rgh,0.933602314583,0,0.933602314583,C06,worstCase_lowFlow_highLoad,C06_worstCase_lowFlow_highLoad,0.50,291,30000,0.72,Low flow with all racks at 5 kW,/home/pankaj/Documents/HVAC/ThermoFOAM-DC-v01-publication/cases/parameterstudy/C06_worstCase_lowFlow_highLoad,36.4341,50.8683,55.2273,40.8840,50.5610,58.3262,48.0093,0.842406,0.677856,24.8937,42038.602,40.1287
/home/pankaj/Documents/HVAC/ThermoFOAM-DC-v01-publication/cases/parameterstudy/C06,8000,105000,105,0.1,350.1525,333.161878373,343.257,315,100.564,0.957752380952,347.6725,329.286361174,345.4881,305,1.841,0.871685606061,2112,335.020586333,332.033152503,0.70077437658,p_rgh,0.788096605556,0,0.788096605556,C06,worstCase_lowFlow_highLoad,C06_worstCase_lowFlow_highLoad,0.50,291,30000,0.72,Low flow with all racks at 5 kW,/home/pankaj/Documents/HVAC/ThermoFOAM-DC-v01-publication/cases/parameterstudy/C06_worstCase_lowFlow_highLoad,38.2864,54.4881,56.6725,42.1619,52.2570,59.1525,41.0332,2.670225,0.552278,24.0266,34678.508,15.5950
/home/pankaj/Documents/HVAC/ThermoFOAM-DC-v01-publication/cases/parameterstudy/C07,4000,105000,105,0.1,328.1562,311.893912562,320.9309,315,38.98,0.371238095238,325.5928,308.826723674,323.481,305,1.29,0.610795454545,2112,317.7692,317.528211271,1.3860339754,p_rgh,0.740424407639,0,0.740424407639,C07,mitigation_highFlow_highLoad,C07_mitigation_highFlow_highLoad,1.00,291,30000,1.44,High flow mitigation for all racks at 5 kW,/home/pankaj/Documents/HVAC/ThermoFOAM-DC-v01-publication/cases/parameterstudy/C07_mitigation_highFlow_highLoad,17.8267,32.4810,34.5928,20.8939,29.9309,37.1562,26.5282,3.747641,1.026253,47.5212,44343.417,47.8114
/home/pankaj/Documents/HVAC/ThermoFOAM-DC-v01-publication/cases/parameterstudy/C07,5000,105000,105,0.1,330.252,311.332842653,320.6567,315,35.218,0.335409523809,327.5152,304.477468419,321.1128,305,0.912,0.431818181818,2112,317.913851667,317.690766124,1.3551520476,p_rgh,0.729984344444,0,0.729984344444,C07,mitigation_highFlow_highLoad,C07_mitigation_highFlow_highLoad,1.00,291,30000,1.44,High flow mitigation for all racks at 5 kW,/home/pankaj/Documents/HVAC/ThermoFOAM-DC-v01-publication/cases/parameterstudy/C07_mitigation_highFlow_highLoad,13.4775,30.1128,36.5152,20.3328,29.6567,39.2520,26.6908,5.892219,0.989240,46.4624,43621.076,45.4036
/home/pankaj/Documents/HVAC/ThermoFOAM-DC-v01-publication/cases/parameterstudy/C07,6000,105000,105,0.1,327.5226,311.544065065,320.3521,315,34.637,0.329876190476,323.1566,306.134211553,320.7981,305,1.088,0.515151515152,2112,316.791911,316.359843626,1.380739219,p_rgh,0.6537608875,0,0.6537608875,C07,mitigation_highFlow_highLoad,C07_mitigation_highFlow_highLoad,1.00,291,30000,1.44,High flow mitigation for all racks at 5 kW,/home/pankaj/Documents/HVAC/ThermoFOAM-DC-v01-publication/cases/parameterstudy/C07_mitigation_highFlow_highLoad,15.1342,29.7981,32.1566,20.5441,29.3521,36.5226,25.3598,4.115332,0.902673,47.3396,42228.489,40.7616
/home/pankaj/Documents/HVAC/ThermoFOAM-DC-v01-publication/cases/parameterstudy/C07,7000,105000,105,0.1,330.818,311.619794062,321.2981,315,39.115,0.372523809523,326.5759,305.944825426,321.9668,305,1.098,0.519886363636,2112,317.079803667,316.989091808,1.375881119,p_rgh,0.657017877083,0,0.657017877083,C07,mitigation_highFlow_highLoad,C07_mitigation_highFlow_highLoad,1.00,291,30000,1.44,High flow mitigation for all racks at 5 kW,/home/pankaj/Documents/HVAC/ThermoFOAM-DC-v01-publication/cases/parameterstudy/C07_mitigation_highFlow_highLoad,14.9448,30.9668,35.5759,20.6198,30.2981,39.8180,25.9891,4.452700,0.903978,47.1731,43124.028,43.7468
/home/pankaj/Documents/HVAC/ThermoFOAM-DC-v01-publication/cases/parameterstudy/C07,8000,105000,105,0.1,329.1521,312.17550157,322.1365,315,42.985,0.40938095238,323.9851,304.834092661,320.1558,305,1.003,0.47490530303,2112,315.589947667,315.259641463,1.391732822,p_rgh,0.584382404167,0,0.584382404167,C07,mitigation_highFlow_highLoad,C07_mitigation_highFlow_highLoad,1.00,291,30000,1.44,High flow mitigation for all racks at 5 kW,/home/pankaj/Documents/HVAC/ThermoFOAM-DC-v01-publication/cases/parameterstudy/C07_mitigation_highFlow_highLoad,13.8341,29.1558,32.9851,21.1755,31.1365,38.1521,24.2596,3.351887,0.813304,47.7166,40718.105,35.7270
/home/pankaj/Documents/HVAC/ThermoFOAM-DC-v01-publication/cases/parameterstudy/C08,4000,105000,105,0.1,342.0342,323.56609663,331.9213,315,93.0030000001,0.885742857142,335.2257,318.5855509,331.6799,305,1.706,0.807765151515,2112,329.501792,327.648303412,0.67639612259,p_rgh,0.654348597917,0,0.654348597917,C08,overloadedRack_L2_lowFlow,C08_overloadedRack_L2_lowFlow,0.50,291,23000,0.72,Overloaded L2 with low supply velocity,/home/pankaj/Documents/HVAC/ThermoFOAM-DC-v01-publication/cases/parameterstudy/C08_overloadedRack_L2_lowFlow,27.5856,40.6799,44.2257,32.5661,40.9213,51.0342,36.6483,6.056094,0.442599,23.1907,29895.257,29.9794
/home/pankaj/Documents/HVAC/ThermoFOAM-DC-v01-publication/cases/parameterstudy/C08,5000,105000,105,0.1,337.743,323.363452665,332.0785,315,95.9160000001,0.913485714285,332.9562,317.30984929,330.5991,305,1.763,0.834753787879,2112,327.646621333,327.432031128,0.69827655446,p_rgh,0.837437619444,0,0.837437619444,C08,overloadedRack_L2_lowFlow,C08_overloadedRack_L2_lowFlow,0.50,291,23000,0.72,Overloaded L2 with low supply velocity,/home/pankaj/Documents/HVAC/ThermoFOAM-DC-v01-publication/cases/parameterstudy/C08_overloadedRack_L2_lowFlow,26.3098,39.5991,41.9562,32.3635,41.0785,46.7430,36.4320,3.017145,0.584763,23.9409,30680.198,33.3922
/home/pankaj/Documents/HVAC/ThermoFOAM-DC-v01-publication/cases/parameterstudy/C08,6000,105000,105,0.1,337.9677,322.692269705,331.3288,315,90.8520000001,0.865257142857,333.6113,317.923325426,329.834,305,1.759,0.832859848485,2112,327.415563,327.214854707,0.70705876324,p_rgh,0.819532209028,0,0.819532209028,C08,overloadedRack_L2_lowFlow,C08_overloadedRack_L2_lowFlow,0.50,291,23000,0.72,Overloaded L2 with low supply velocity,/home/pankaj/Documents/HVAC/ThermoFOAM-DC-v01-publication/cases/parameterstudy/C08_overloadedRack_L2_lowFlow,26.9233,38.8340,42.6113,31.6923,40.3288,46.9677,36.2149,1.797394,0.579457,24.2420,30880.873,34.2647
/home/pankaj/Documents/HVAC/ThermoFOAM-DC-v01-publication/cases/parameterstudy/C08,7000,105000,105,0.1,342.0836,322.390324286,334.318,315,84.713,0.80679047619,332.9228,315.839434612,330.561,305,1.648,0.780303030303,2112,325.737265333,325.731334552,0.710398959043,p_rgh,0.973262714583,0,0.973262714583,C08,overloadedRack_L2_lowFlow,C08_overloadedRack_L2_lowFlow,0.50,291,23000,0.72,Overloaded L2 with low supply velocity,/home/pankaj/Documents/HVAC/ThermoFOAM-DC-v01-publication/cases/parameterstudy/C08_overloadedRack_L2_lowFlow,24.8394,39.5610,41.9228,31.3903,43.3180,51.0836,34.7313,1.333478,0.691405,24.3565,29755.763,29.3729
/home/pankaj/Documents/HVAC/ThermoFOAM-DC-v01-publication/cases/parameterstudy/C08,8000,105000,105,0.1,341.0532,323.062590771,332.7773,315,88.0610000001,0.838676190476,335.1122,316.043517282,329.8453,305,1.685,0.797821969697,2112,327.376514667,327.272454508,0.683473935162,p_rgh,0.676613128472,0,0.676613128472,C08,overloadedRack_L2_lowFlow,C08_overloadedRack_L2_lowFlow,0.50,291,23000,0.72,Overloaded L2 with low supply velocity,/home/pankaj/Documents/HVAC/ThermoFOAM-DC-v01-publication/cases/parameterstudy/C08_overloadedRack_L2_lowFlow,25.0435,38.8453,44.1122,32.0626,41.7773,50.0532,36.2725,5.073065,0.462447,23.4334,29898.280,29.9925
/home/pankaj/Documents/HVAC/ThermoFOAM-DC-v01-publication/cases/parameterstudy/C09,4000,105000,105,0.1,323.0889,307.436193261,316.3786,315,10.461,0.0996285714284,315.1581,298.498055114,312.3584,305,0.361,0.170928030303,2112,305.411388333,305.346117958,1.372027555,p_rgh,0.557400845139,0,0.557400845139,C09,overloadedRack_L2_highFlow,C09_overloadedRack_L2_highFlow,1.00,291,23000,1.44,Overloaded L2 with high supply velocity,/home/pankaj/Documents/HVAC/ThermoFOAM-DC-v01-publication/cases/parameterstudy/C09_overloadedRack_L2_highFlow,7.498055,21.3584,24.1581,16.4362,25.3786,32.0889,14.3461,4.720309,0.764769,47.0409,23738.023,3.208794
/home/pankaj/Documents/HVAC/ThermoFOAM-DC-v01-publication/cases/parameterstudy/C09,5000,105000,105,0.1,327.0351,306.708856848,315.2975,315,5.925,0.0564285714285,317.2041,300.465777888,314.7684,305,0.587,0.277935606061,2112,306.261645,305.564694205,1.3812269165,p_rgh,0.591401345139,0,0.591401345139,C09,overloadedRack_L2_highFlow,C09_overloadedRack_L2_highFlow,1.00,291,23000,1.44,Overloaded L2 with high supply velocity,/home/pankaj/Documents/HVAC/ThermoFOAM-DC-v01-publication/cases/parameterstudy/C09_overloadedRack_L2_highFlow,9.465778,23.7684,26.2041,15.7089,24.2975,36.0351,14.5647,4.081464,0.816859,47.3564,24261.280,5.483826
/home/pankaj/Documents/HVAC/ThermoFOAM-DC-v01-publication/cases/parameterstudy/C09,6000,105000,105,0.1,323.9204,306.323719882,313.4867,315,2.49,0.0237142857143,314.7608,300.369559564,312.4723,305,0.739,0.34990530303,2112,309.407715333,308.969875672,1.3669020194,p_rgh,0.622812288889,0,0.622812288889,C09,overloadedRack_L2_highFlow,C09_overloadedRack_L2_highFlow,1.00,291,23000,1.44,Overloaded L2 with high supply velocity,/home/pankaj/Documents/HVAC/ThermoFOAM-DC-v01-publication/cases/parameterstudy/C09_overloadedRack_L2_highFlow,9.369560,21.4723,23.7608,15.3237,22.4867,32.9204,17.9699,5.076249,0.851323,46.8652,29623.050,28.7959
/home/pankaj/Documents/HVAC/ThermoFOAM-DC-v01-publication/cases/parameterstudy/C09,7000,105000,105,0.1,322.8083,306.855542641,314.3086,315,4.17,0.0397142857142,314.9303,299.438486269,312.8109,305,0.551,0.260890151515,2112,307.623602333,307.342564525,1.383355092,p_rgh,0.639035296528,0,0.639035296528,C09,overloadedRack_L2_highFlow,C09_overloadedRack_L2_highFlow,1.00,291,23000,1.44,Overloaded L2 with high supply velocity,/home/pankaj/Documents/HVAC/ThermoFOAM-DC-v01-publication/cases/parameterstudy/C09_overloadedRack_L2_highFlow,8.438486,21.8109,23.9303,15.8555,23.3086,31.8083,16.3426,3.933674,0.884013,47.4293,27264.729,18.5423
/home/pankaj/Documents/HVAC/ThermoFOAM-DC-v01-publication/cases/parameterstudy/C09,8000,105000,105,0.1,323.675,306.75126684,314.5088,315,4.596,0.0437714285714,316.8873,300.508255019,313.1202,305,0.633,0.299715909091,2112,305.67939,305.734589347,1.377649793,p_rgh,0.57255051875,0,0.57255051875,C09,overloadedRack_L2_highFlow,C09_overloadedRack_L2_highFlow,1.00,291,23000,1.44,Overloaded L2 with high supply velocity,/home/pankaj/Documents/HVAC/ThermoFOAM-DC-v01-publication/cases/parameterstudy/C09_overloadedRack_L2_highFlow,9.508255,22.1202,25.8873,15.7513,23.5088,32.6750,14.7346,4.329875,0.788774,47.2337,24480.719,6.437910
